,activity
Sleep,534
Prepare presentation script,105
Hold product launching ceremony,50
Read a book,30
Hot bath,30
Relaxing music playlist,30
Wrap up last project,30
Give presentation,30
Review personal goals,30
Commute back home,29
cook main dish,15
Demo product,15
Eat sandwich,15
Prepare for commute,15
Walk to company auditorium,14
Clean up auditorium,10
Go to company auditorium,10
Test audio and visual,10
Create to-do list,10
Set up equipment,10
Chat with co-workers,10
Organize documents,10
Compile project documentation,10
Discuss improvements,10
Prepare presentation materials,10
Set up projector and screen,10
Answer questions,10
Arrange seating layout,10
Review final project report,10
Eat breakfast,10
Prepare for product launching ceremony,10
Make adjustments to slides,10
Practice transitions between slides,10
Gather materials,10
Review main talking points,10
Practice opening remarks,10
Check emails,9
Check audiovisual equipment,9
Wash face,5
Get dressed,5
Review handover protocol,5
Prioritize tasks,5
Brush teeth,5
Grab a cup of coffee,5
Review emails,5
set the table,5
pour drinks,5
Review schedule,5
Make bed,5
prepare ingredients,5
Review project notes,5
Organize project files,5
Prepare feedback report,5
Create handover checklist,5
Review performance,5
Spread butter and jam,5
Evaluate presenter performance,5
Analyze audience response,5
Toast bread,5
Review presentation,5
Check slides,5
Practice delivery,5
Print out documents,5
Gather presentation materials,5
Set up presentation slides,5
Time overall presentation,5
Practice closing remarks,5
Gather necessary documents,5
Put on coat and grab bag,5
Lock apartment and leave,5
Grab keys and wallet,5
Test microphone,5
Organize marketing materials,5
Drink water,5
Wake up,5
Introduce speakers,5
Prepare coffee,5
Slice fruit,5
Clean up chairs,5
Pick up trash,5
Sweep the floor,5
Wipe down surfaces,5
Review script,5
Greet attendees,5
